*VERSION,1,1,,,,,,,,,,,,,,,,,,,,,,,,,,,,,,,,,,,,
1,,,,,,,,,,,,,,,,,,,,,,,,,,,,,,,,,,,,,,
*FORCE_LENGTH,1,1,,,,,,,,,,,,,,,,,,,,,,,,,,,,,,,,,,,,
32,,,,,,,,,,,,,,,,,,,,,,,,,,,,,,,,,,,,,,
*SENSE_LENGTH,1,1,,,,,,,,,,,,,,,,,,,,,,,,,,,,,,,,,,,,
39,,,,,,,,,,,,,,,,,,,,,,,,,,,,,,,,,,,,,,
*MS_RAW_ITO_MIN_MAX,1,2,,,,,,,,,,,,,,,,,,,,,,,,,,,,,,,,,,,,
400,4000,,,,,,,,,,,,,,,,,,,,,,,,,,,,,,,,,,,,,
*MS_RAW_ITO_DATA_ADJ_HORIZONTAL,32,38,,,,,,,,,,,,,,,,,,,,,,,,,,,,,,,,,,,,
400,400,400,400,400,400,400,400,400,400,400,400,400,400,400,400,400,400,400,400,400,400,400,400,400,400,400,400,400,400,400,400,400,400,400,400,400,400,
400,400,400,400,400,400,400,400,400,400,400,400,400,400,400,400,400,400,400,400,400,400,400,400,400,400,400,400,400,400,400,400,400,400,400,400,400,400,
400,400,400,400,400,400,400,400,400,400,400,400,400,400,400,400,400,400,400,400,400,400,400,400,400,400,400,400,400,400,400,400,400,400,400,400,400,400,
400,400,400,400,400,400,400,400,400,400,400,400,400,400,400,400,400,400,400,400,400,400,400,400,400,400,400,400,400,400,400,400,400,400,400,400,400,400,
400,400,400,400,400,400,400,400,400,400,400,400,400,400,400,400,400,400,400,400,400,400,400,400,400,400,400,400,400,400,400,400,400,400,400,400,400,400,
400,400,400,400,400,400,400,400,400,400,400,400,400,400,400,400,400,400,400,400,400,400,400,400,400,400,400,400,400,400,400,400,400,400,400,400,400,400,
400,400,400,400,400,400,400,400,400,400,400,400,400,400,400,400,400,400,400,400,400,400,400,400,400,400,400,400,400,400,400,400,400,400,400,400,400,400,
400,400,400,400,400,400,400,400,400,400,400,400,400,400,400,400,400,400,400,400,400,400,400,400,400,400,400,400,400,400,400,400,400,400,400,400,400,400,
400,400,400,400,400,400,400,400,400,400,400,400,400,400,400,400,400,400,400,400,400,400,400,400,400,400,400,400,400,400,400,400,400,400,400,400,400,400,
400,400,400,400,400,400,400,400,400,400,400,400,400,400,400,400,400,400,400,400,400,400,400,400,400,400,400,400,400,400,400,400,400,400,400,400,400,400,
400,400,400,400,400,400,400,400,400,400,400,400,400,400,400,400,400,400,400,400,400,400,400,400,400,400,400,400,400,400,400,400,400,400,400,400,400,400,
400,400,400,400,400,400,400,400,400,400,400,400,400,400,400,400,400,400,400,400,400,400,400,400,400,400,400,400,400,400,400,400,400,400,400,400,400,400,
400,400,400,400,400,400,400,400,400,400,400,400,400,400,400,400,400,400,400,400,400,400,400,400,400,400,400,400,400,400,400,400,400,400,400,400,400,400,
400,400,400,400,400,400,400,400,400,400,400,400,400,400,400,400,400,400,400,400,400,400,400,400,400,400,400,400,400,400,400,400,400,400,400,400,400,400,
400,400,400,400,400,400,400,400,400,400,400,400,400,400,400,400,400,400,400,400,400,400,400,400,400,400,400,400,400,400,400,400,400,400,400,400,400,400,
400,400,400,400,400,400,400,400,400,400,400,400,400,400,400,400,400,400,400,400,400,400,400,400,400,400,400,400,400,400,400,400,400,400,400,400,400,400,
400,400,400,400,400,400,400,400,400,400,400,400,400,400,400,400,400,400,400,400,400,400,400,400,400,400,400,400,400,400,400,400,400,400,400,400,400,400,
400,400,400,400,400,400,400,400,400,400,400,400,400,400,400,400,400,400,400,400,400,400,400,400,400,400,400,400,400,400,400,400,400,400,400,400,400,400,
400,400,400,400,400,400,400,400,400,400,400,400,400,400,400,400,400,400,400,400,400,400,400,400,400,400,400,400,400,400,400,400,400,400,400,400,400,400,
400,400,400,400,400,400,400,400,400,400,400,400,400,400,400,400,400,400,400,400,400,400,400,400,400,400,400,400,400,400,400,400,400,400,400,400,400,400,
400,400,400,400,400,400,400,400,400,400,400,400,400,400,400,400,400,400,400,400,400,400,400,400,400,400,400,400,400,400,400,400,400,400,400,400,400,400,
400,400,400,400,400,400,400,400,400,400,400,400,400,400,400,400,400,400,400,400,400,400,400,400,400,400,400,400,400,400,400,400,400,400,400,400,400,400,
400,400,400,400,400,400,400,400,400,400,400,400,400,400,400,400,400,400,400,400,400,400,400,400,400,400,400,400,400,400,400,400,400,400,400,400,400,400,
400,400,400,400,400,400,400,400,400,400,400,400,400,400,400,400,400,400,400,400,400,400,400,400,400,400,400,400,400,400,400,400,400,400,400,400,400,400,
400,400,400,400,400,400,400,400,400,400,400,400,400,400,400,400,400,400,400,400,400,400,400,400,400,400,400,400,400,400,400,400,400,400,400,400,400,400,
400,400,400,400,400,400,400,400,400,400,400,400,400,400,400,400,400,400,400,400,400,400,400,400,400,400,400,400,400,400,400,400,400,400,400,400,400,400,
400,400,400,400,400,400,400,400,400,400,400,400,400,400,400,400,400,400,400,400,400,400,400,400,400,400,400,400,400,400,400,400,400,400,400,400,400,400,
400,400,400,400,400,400,400,400,400,400,400,400,400,400,400,400,400,400,400,400,400,400,400,400,400,400,400,400,400,400,400,400,400,400,400,400,400,400,
400,400,400,400,400,400,400,400,400,400,400,400,400,400,400,400,400,400,400,400,400,400,400,400,400,400,400,400,400,400,400,400,400,400,400,400,400,400,
400,400,400,400,400,400,400,400,400,400,400,400,400,400,400,400,400,400,400,400,400,400,400,400,400,400,400,400,400,400,400,400,400,400,400,400,400,400,
400,400,400,400,400,400,400,400,400,400,400,400,400,400,400,400,400,400,400,400,400,400,400,400,400,400,400,400,400,400,400,400,400,400,400,400,400,400,
400,400,400,400,400,400,400,400,400,400,400,400,400,400,400,400,400,400,400,400,400,400,400,400,400,400,400,400,400,400,400,400,400,400,400,400,400,400,
*MS_RAW_ITO_DATA_ADJ_VERTICAL,31,39,,,,,,,,,,,,,,,,,,,,,,,,,,,,,,,,,,,,
400,400,400,400,400,400,400,400,400,400,400,400,400,400,400,400,400,400,400,400,400,400,400,400,400,400,400,400,400,400,400,400,400,400,400,400,400,400,400
400,400,400,400,400,400,400,400,400,400,400,400,400,400,400,400,400,400,400,400,400,400,400,400,400,400,400,400,400,400,400,400,400,400,400,400,400,400,400
400,400,400,400,400,400,400,400,400,400,400,400,400,400,400,400,400,400,400,400,400,400,400,400,400,400,400,400,400,400,400,400,400,400,400,400,400,400,400
400,400,400,400,400,400,400,400,400,400,400,400,400,400,400,400,400,400,400,400,400,400,400,400,400,400,400,400,400,400,400,400,400,400,400,400,400,400,400
400,400,400,400,400,400,400,400,400,400,400,400,400,400,400,400,400,400,400,400,400,400,400,400,400,400,400,400,400,400,400,400,400,400,400,400,400,400,400
400,400,400,400,400,400,400,400,400,400,400,400,400,400,400,400,400,400,400,400,400,400,400,400,400,400,400,400,400,400,400,400,400,400,400,400,400,400,400
400,400,400,400,400,400,400,400,400,400,400,400,400,400,400,400,400,400,400,400,400,400,400,400,400,400,400,400,400,400,400,400,400,400,400,400,400,400,400
400,400,400,400,400,400,400,400,400,400,400,400,400,400,400,400,400,400,400,400,400,400,400,400,400,400,400,400,400,400,400,400,400,400,400,400,400,400,400
400,400,400,400,400,400,400,400,400,400,400,400,400,400,400,400,400,400,400,400,400,400,400,400,400,400,400,400,400,400,400,400,400,400,400,400,400,400,400
400,400,400,400,400,400,400,400,400,400,400,400,400,400,400,400,400,400,400,400,400,400,400,400,400,400,400,400,400,400,400,400,400,400,400,400,400,400,400
400,400,400,400,400,400,400,400,400,400,400,400,400,400,400,400,400,400,400,400,400,400,400,400,400,400,400,400,400,400,400,400,400,400,400,400,400,400,400
400,400,400,400,400,400,400,400,400,400,400,400,400,400,400,400,400,400,400,400,400,400,400,400,400,400,400,400,400,400,400,400,400,400,400,400,400,400,400
400,400,400,400,400,400,400,400,400,400,400,400,400,400,400,400,400,400,400,400,400,400,400,400,400,400,400,400,400,400,400,400,400,400,400,400,400,400,400
400,400,400,400,400,400,400,400,400,400,400,400,400,400,400,400,400,400,400,400,400,400,400,400,400,400,400,400,400,400,400,400,400,400,400,400,400,400,400
400,400,400,400,400,400,400,400,400,400,400,400,400,400,400,400,400,400,400,400,400,400,400,400,400,400,400,400,400,400,400,400,400,400,400,400,400,400,400
400,400,400,400,400,400,400,400,400,400,400,400,400,400,400,400,400,400,400,400,400,400,400,400,400,400,400,400,400,400,400,400,400,400,400,400,400,400,400
400,400,400,400,400,400,400,400,400,400,400,400,400,400,400,400,400,400,400,400,400,400,400,400,400,400,400,400,400,400,400,400,400,400,400,400,400,400,400
400,400,400,400,400,400,400,400,400,400,400,400,400,400,400,400,400,400,400,400,400,400,400,400,400,400,400,400,400,400,400,400,400,400,400,400,400,400,400
400,400,400,400,400,400,400,400,400,400,400,400,400,400,400,400,400,400,400,400,400,400,400,400,400,400,400,400,400,400,400,400,400,400,400,400,400,400,400
400,400,400,400,400,400,400,400,400,400,400,400,400,400,400,400,400,400,400,400,400,400,400,400,400,400,400,400,400,400,400,400,400,400,400,400,400,400,400
400,400,400,400,400,400,400,400,400,400,400,400,400,400,400,400,400,400,400,400,400,400,400,400,400,400,400,400,400,400,400,400,400,400,400,400,400,400,400
400,400,400,400,400,400,400,400,400,400,400,400,400,400,400,400,400,400,400,400,400,400,400,400,400,400,400,400,400,400,400,400,400,400,400,400,400,400,400
400,400,400,400,400,400,400,400,400,400,400,400,400,400,400,400,400,400,400,400,400,400,400,400,400,400,400,400,400,400,400,400,400,400,400,400,400,400,400
400,400,400,400,400,400,400,400,400,400,400,400,400,400,400,400,400,400,400,400,400,400,400,400,400,400,400,400,400,400,400,400,400,400,400,400,400,400,400
400,400,400,400,400,400,400,400,400,400,400,400,400,400,400,400,400,400,400,400,400,400,400,400,400,400,400,400,400,400,400,400,400,400,400,400,400,400,400
400,400,400,400,400,400,400,400,400,400,400,400,400,400,400,400,400,400,400,400,400,400,400,400,400,400,400,400,400,400,400,400,400,400,400,400,400,400,400
400,400,400,400,400,400,400,400,400,400,400,400,400,400,400,400,400,400,400,400,400,400,400,400,400,400,400,400,400,400,400,400,400,400,400,400,400,400,400
400,400,400,400,400,400,400,400,400,400,400,400,400,400,400,400,400,400,400,400,400,400,400,400,400,400,400,400,400,400,400,400,400,400,400,400,400,400,400
400,400,400,400,400,400,400,400,400,400,400,400,400,400,400,400,400,400,400,400,400,400,400,400,400,400,400,400,400,400,400,400,400,400,400,400,400,400,400
400,400,400,400,400,400,400,400,400,400,400,400,400,400,400,400,400,400,400,400,400,400,400,400,400,400,400,400,400,400,400,400,400,400,400,400,400,400,400
400,400,400,400,400,400,400,400,400,400,400,400,400,400,400,400,400,400,400,400,400,400,400,400,400,400,400,400,400,400,400,400,400,400,400,400,400,400,400
*SS_RAW_DATA_FORCE_EACH_MIN,32,1,,,,,,,,,,,,,,,,,,,,,,,,,,,,,,,,,,,,
-8000,,,,,,,,,,,,,,,,,,,,,,,,,,,,,,,,,,,,,,
-8000,,,,,,,,,,,,,,,,,,,,,,,,,,,,,,,,,,,,,,
-8000,,,,,,,,,,,,,,,,,,,,,,,,,,,,,,,,,,,,,,
-8000,,,,,,,,,,,,,,,,,,,,,,,,,,,,,,,,,,,,,,
-8000,,,,,,,,,,,,,,,,,,,,,,,,,,,,,,,,,,,,,,
-8000,,,,,,,,,,,,,,,,,,,,,,,,,,,,,,,,,,,,,,
-8000,,,,,,,,,,,,,,,,,,,,,,,,,,,,,,,,,,,,,,
-8000,,,,,,,,,,,,,,,,,,,,,,,,,,,,,,,,,,,,,,
-8000,,,,,,,,,,,,,,,,,,,,,,,,,,,,,,,,,,,,,,
-8000,,,,,,,,,,,,,,,,,,,,,,,,,,,,,,,,,,,,,,
-8000,,,,,,,,,,,,,,,,,,,,,,,,,,,,,,,,,,,,,,
-8000,,,,,,,,,,,,,,,,,,,,,,,,,,,,,,,,,,,,,,
-8000,,,,,,,,,,,,,,,,,,,,,,,,,,,,,,,,,,,,,,
-8000,,,,,,,,,,,,,,,,,,,,,,,,,,,,,,,,,,,,,,
-8000,,,,,,,,,,,,,,,,,,,,,,,,,,,,,,,,,,,,,,
-8000,,,,,,,,,,,,,,,,,,,,,,,,,,,,,,,,,,,,,,
-8000,,,,,,,,,,,,,,,,,,,,,,,,,,,,,,,,,,,,,,
-8000,,,,,,,,,,,,,,,,,,,,,,,,,,,,,,,,,,,,,,
-8000,,,,,,,,,,,,,,,,,,,,,,,,,,,,,,,,,,,,,,
-8000,,,,,,,,,,,,,,,,,,,,,,,,,,,,,,,,,,,,,,
-8000,,,,,,,,,,,,,,,,,,,,,,,,,,,,,,,,,,,,,,
-8000,,,,,,,,,,,,,,,,,,,,,,,,,,,,,,,,,,,,,,
-8000,,,,,,,,,,,,,,,,,,,,,,,,,,,,,,,,,,,,,,
-8000,,,,,,,,,,,,,,,,,,,,,,,,,,,,,,,,,,,,,,
-8000,,,,,,,,,,,,,,,,,,,,,,,,,,,,,,,,,,,,,,
-8000,,,,,,,,,,,,,,,,,,,,,,,,,,,,,,,,,,,,,,
-8000,,,,,,,,,,,,,,,,,,,,,,,,,,,,,,,,,,,,,,
-8000,,,,,,,,,,,,,,,,,,,,,,,,,,,,,,,,,,,,,,
-8000,,,,,,,,,,,,,,,,,,,,,,,,,,,,,,,,,,,,,,
-8000,,,,,,,,,,,,,,,,,,,,,,,,,,,,,,,,,,,,,,
-8000,,,,,,,,,,,,,,,,,,,,,,,,,,,,,,,,,,,,,,
-8000,,,,,,,,,,,,,,,,,,,,,,,,,,,,,,,,,,,,,,
*SS_RAW_DATA_FORCE_EACH_MAX,32,1,,,,,,,,,,,,,,,,,,,,,,,,,,,,,,,,,,,,
8000,,,,,,,,,,,,,,,,,,,,,,,,,,,,,,,,,,,,,,
8000,,,,,,,,,,,,,,,,,,,,,,,,,,,,,,,,,,,,,,
8000,,,,,,,,,,,,,,,,,,,,,,,,,,,,,,,,,,,,,,
8000,,,,,,,,,,,,,,,,,,,,,,,,,,,,,,,,,,,,,,
8000,,,,,,,,,,,,,,,,,,,,,,,,,,,,,,,,,,,,,,
8000,,,,,,,,,,,,,,,,,,,,,,,,,,,,,,,,,,,,,,
8000,,,,,,,,,,,,,,,,,,,,,,,,,,,,,,,,,,,,,,
8000,,,,,,,,,,,,,,,,,,,,,,,,,,,,,,,,,,,,,,
8000,,,,,,,,,,,,,,,,,,,,,,,,,,,,,,,,,,,,,,
8000,,,,,,,,,,,,,,,,,,,,,,,,,,,,,,,,,,,,,,
8000,,,,,,,,,,,,,,,,,,,,,,,,,,,,,,,,,,,,,,
8000,,,,,,,,,,,,,,,,,,,,,,,,,,,,,,,,,,,,,,
8000,,,,,,,,,,,,,,,,,,,,,,,,,,,,,,,,,,,,,,
8000,,,,,,,,,,,,,,,,,,,,,,,,,,,,,,,,,,,,,,
8000,,,,,,,,,,,,,,,,,,,,,,,,,,,,,,,,,,,,,,
8000,,,,,,,,,,,,,,,,,,,,,,,,,,,,,,,,,,,,,,
8000,,,,,,,,,,,,,,,,,,,,,,,,,,,,,,,,,,,,,,
8000,,,,,,,,,,,,,,,,,,,,,,,,,,,,,,,,,,,,,,
8000,,,,,,,,,,,,,,,,,,,,,,,,,,,,,,,,,,,,,,
8000,,,,,,,,,,,,,,,,,,,,,,,,,,,,,,,,,,,,,,
8000,,,,,,,,,,,,,,,,,,,,,,,,,,,,,,,,,,,,,,
8000,,,,,,,,,,,,,,,,,,,,,,,,,,,,,,,,,,,,,,
8000,,,,,,,,,,,,,,,,,,,,,,,,,,,,,,,,,,,,,,
8000,,,,,,,,,,,,,,,,,,,,,,,,,,,,,,,,,,,,,,
8000,,,,,,,,,,,,,,,,,,,,,,,,,,,,,,,,,,,,,,
8000,,,,,,,,,,,,,,,,,,,,,,,,,,,,,,,,,,,,,,
8000,,,,,,,,,,,,,,,,,,,,,,,,,,,,,,,,,,,,,,
8000,,,,,,,,,,,,,,,,,,,,,,,,,,,,,,,,,,,,,,
8000,,,,,,,,,,,,,,,,,,,,,,,,,,,,,,,,,,,,,,
8000,,,,,,,,,,,,,,,,,,,,,,,,,,,,,,,,,,,,,,
8000,,,,,,,,,,,,,,,,,,,,,,,,,,,,,,,,,,,,,,
8000,,,,,,,,,,,,,,,,,,,,,,,,,,,,,,,,,,,,,,
*SS_RAW_DATA_SENSE_EACH_MIN,1,39,,,,,,,,,,,,,,,,,,,,,,,,,,,,,,,,,,,,
-8000,-8000,-8000,-8000,-8000,-8000,-8000,-8000,-8000,-8000,-8000,-8000,-8000,-8000,-8000,-8000,-8000,-8000,-8000,-8000,-8000,-8000,-8000,-8000,-8000,-8000,-8000,-8000,-8000,-8000,-8000,-8000,-8000,-8000,-8000,-8000,-8000,-8000,-8000
*SS_RAW_DATA_SENSE_EACH_MAX,1,39,,,,,,,,,,,,,,,,,,,,,,,,,,,,,,,,,,,,
8000,8000,8000,8000,8000,8000,8000,8000,8000,8000,8000,8000,8000,8000,8000,8000,8000,8000,8000,8000,8000,8000,8000,8000,8000,8000,8000,8000,8000,8000,8000,8000,8000,8000,8000,8000,8000,8000,8000
*SS_RAW_LOWPOWER_DATA_FORCE_EACH_MIN,32,1,,,,,,,,,,,,,,,,,,,,,,,,,,,,,,,,,,,,
-8000,,,,,,,,,,,,,,,,,,,,,,,,,,,,,,,,,,,,,,
-8000,,,,,,,,,,,,,,,,,,,,,,,,,,,,,,,,,,,,,,
-8000,,,,,,,,,,,,,,,,,,,,,,,,,,,,,,,,,,,,,,
-8000,,,,,,,,,,,,,,,,,,,,,,,,,,,,,,,,,,,,,,
-8000,,,,,,,,,,,,,,,,,,,,,,,,,,,,,,,,,,,,,,
-8000,,,,,,,,,,,,,,,,,,,,,,,,,,,,,,,,,,,,,,
-8000,,,,,,,,,,,,,,,,,,,,,,,,,,,,,,,,,,,,,,
-8000,,,,,,,,,,,,,,,,,,,,,,,,,,,,,,,,,,,,,,
-8000,,,,,,,,,,,,,,,,,,,,,,,,,,,,,,,,,,,,,,
-8000,,,,,,,,,,,,,,,,,,,,,,,,,,,,,,,,,,,,,,
-8000,,,,,,,,,,,,,,,,,,,,,,,,,,,,,,,,,,,,,,
-8000,,,,,,,,,,,,,,,,,,,,,,,,,,,,,,,,,,,,,,
-8000,,,,,,,,,,,,,,,,,,,,,,,,,,,,,,,,,,,,,,
-8000,,,,,,,,,,,,,,,,,,,,,,,,,,,,,,,,,,,,,,
-8000,,,,,,,,,,,,,,,,,,,,,,,,,,,,,,,,,,,,,,
-8000,,,,,,,,,,,,,,,,,,,,,,,,,,,,,,,,,,,,,,
-8000,,,,,,,,,,,,,,,,,,,,,,,,,,,,,,,,,,,,,,
-8000,,,,,,,,,,,,,,,,,,,,,,,,,,,,,,,,,,,,,,
-8000,,,,,,,,,,,,,,,,,,,,,,,,,,,,,,,,,,,,,,
-8000,,,,,,,,,,,,,,,,,,,,,,,,,,,,,,,,,,,,,,
-8000,,,,,,,,,,,,,,,,,,,,,,,,,,,,,,,,,,,,,,
-8000,,,,,,,,,,,,,,,,,,,,,,,,,,,,,,,,,,,,,,
-8000,,,,,,,,,,,,,,,,,,,,,,,,,,,,,,,,,,,,,,
-8000,,,,,,,,,,,,,,,,,,,,,,,,,,,,,,,,,,,,,,
-8000,,,,,,,,,,,,,,,,,,,,,,,,,,,,,,,,,,,,,,
-8000,,,,,,,,,,,,,,,,,,,,,,,,,,,,,,,,,,,,,,
-8000,,,,,,,,,,,,,,,,,,,,,,,,,,,,,,,,,,,,,,
-8000,,,,,,,,,,,,,,,,,,,,,,,,,,,,,,,,,,,,,,
-8000,,,,,,,,,,,,,,,,,,,,,,,,,,,,,,,,,,,,,,
-8000,,,,,,,,,,,,,,,,,,,,,,,,,,,,,,,,,,,,,,
-8000,,,,,,,,,,,,,,,,,,,,,,,,,,,,,,,,,,,,,,
-8000,,,,,,,,,,,,,,,,,,,,,,,,,,,,,,,,,,,,,,
*SS_RAW_LOWPOWER_DATA_FORCE_EACH_MAX,32,1,,,,,,,,,,,,,,,,,,,,,,,,,,,,,,,,,,,,
8000,,,,,,,,,,,,,,,,,,,,,,,,,,,,,,,,,,,,,,
8000,,,,,,,,,,,,,,,,,,,,,,,,,,,,,,,,,,,,,,
8000,,,,,,,,,,,,,,,,,,,,,,,,,,,,,,,,,,,,,,
8000,,,,,,,,,,,,,,,,,,,,,,,,,,,,,,,,,,,,,,
8000,,,,,,,,,,,,,,,,,,,,,,,,,,,,,,,,,,,,,,
8000,,,,,,,,,,,,,,,,,,,,,,,,,,,,,,,,,,,,,,
8000,,,,,,,,,,,,,,,,,,,,,,,,,,,,,,,,,,,,,,
8000,,,,,,,,,,,,,,,,,,,,,,,,,,,,,,,,,,,,,,
8000,,,,,,,,,,,,,,,,,,,,,,,,,,,,,,,,,,,,,,
8000,,,,,,,,,,,,,,,,,,,,,,,,,,,,,,,,,,,,,,
8000,,,,,,,,,,,,,,,,,,,,,,,,,,,,,,,,,,,,,,
8000,,,,,,,,,,,,,,,,,,,,,,,,,,,,,,,,,,,,,,
8000,,,,,,,,,,,,,,,,,,,,,,,,,,,,,,,,,,,,,,
8000,,,,,,,,,,,,,,,,,,,,,,,,,,,,,,,,,,,,,,
8000,,,,,,,,,,,,,,,,,,,,,,,,,,,,,,,,,,,,,,
8000,,,,,,,,,,,,,,,,,,,,,,,,,,,,,,,,,,,,,,
8000,,,,,,,,,,,,,,,,,,,,,,,,,,,,,,,,,,,,,,
8000,,,,,,,,,,,,,,,,,,,,,,,,,,,,,,,,,,,,,,
8000,,,,,,,,,,,,,,,,,,,,,,,,,,,,,,,,,,,,,,
8000,,,,,,,,,,,,,,,,,,,,,,,,,,,,,,,,,,,,,,
8000,,,,,,,,,,,,,,,,,,,,,,,,,,,,,,,,,,,,,,
8000,,,,,,,,,,,,,,,,,,,,,,,,,,,,,,,,,,,,,,
8000,,,,,,,,,,,,,,,,,,,,,,,,,,,,,,,,,,,,,,
8000,,,,,,,,,,,,,,,,,,,,,,,,,,,,,,,,,,,,,,
8000,,,,,,,,,,,,,,,,,,,,,,,,,,,,,,,,,,,,,,
8000,,,,,,,,,,,,,,,,,,,,,,,,,,,,,,,,,,,,,,
8000,,,,,,,,,,,,,,,,,,,,,,,,,,,,,,,,,,,,,,
8000,,,,,,,,,,,,,,,,,,,,,,,,,,,,,,,,,,,,,,
8000,,,,,,,,,,,,,,,,,,,,,,,,,,,,,,,,,,,,,,
8000,,,,,,,,,,,,,,,,,,,,,,,,,,,,,,,,,,,,,,
8000,,,,,,,,,,,,,,,,,,,,,,,,,,,,,,,,,,,,,,
8000,,,,,,,,,,,,,,,,,,,,,,,,,,,,,,,,,,,,,,
*SS_RAW_LOWPOWER_DATA_SENSE_EACH_MIN,1,39,,,,,,,,,,,,,,,,,,,,,,,,,,,,,,,,,,,,
-8000,-8000,-8000,-8000,-8000,-8000,-8000,-8000,-8000,-8000,-8000,-8000,-8000,-8000,-8000,-8000,-8000,-8000,-8000,-8000,-8000,-8000,-8000,-8000,-8000,-8000,-8000,-8000,-8000,-8000,-8000,-8000,-8000,-8000,-8000,-8000,-8000,-8000,-8000
*SS_RAW_LOWPOWER_DATA_SENSE_EACH_MAX,1,39,,,,,,,,,,,,,,,,,,,,,,,,,,,,,,,,,,,,
8000,8000,8000,8000,8000,8000,8000,8000,8000,8000,8000,8000,8000,8000,8000,8000,8000,8000,8000,8000,8000,8000,8000,8000,8000,8000,8000,8000,8000,8000,8000,8000,8000,8000,8000,8000,8000,8000,8000
*MS_RAW_LOWPOWER_DATA_EACH_MIN,32,39,,,,,,,,,,,,,,,,,,,,,,,,,,,,,,,,,,,,
-3000,-3000,-3000,-3000,-3000,-3000,-3000,-3000,-3000,-3000,-3000,-3000,-3000,-3000,-3000,-3000,-3000,-3000,-3000,-3000,-3000,-3000,-3000,-3000,-3000,-3000,-3000,-3000,-3000,-3000,-3000,-3000,-3000,-3000,-3000,-3000,-3000,-3000,-3000
-3000,-3000,-3000,-3000,-3000,-3000,-3000,-3000,-3000,-3000,-3000,-3000,-3000,-3000,-3000,-3000,-3000,-3000,-3000,-3000,-3000,-3000,-3000,-3000,-3000,-3000,-3000,-3000,-3000,-3000,-3000,-3000,-3000,-3000,-3000,-3000,-3000,-3000,-3000
-3000,-3000,-3000,-3000,-3000,-3000,-3000,-3000,-3000,-3000,-3000,-3000,-3000,-3000,-3000,-3000,-3000,-3000,-3000,-3000,-3000,-3000,-3000,-3000,-3000,-3000,-3000,-3000,-3000,-3000,-3000,-3000,-3000,-3000,-3000,-3000,-3000,-3000,-3000
-3000,-3000,-3000,-3000,-3000,-3000,-3000,-3000,-3000,-3000,-3000,-3000,-3000,-3000,-3000,-3000,-3000,-3000,-3000,-3000,-3000,-3000,-3000,-3000,-3000,-3000,-3000,-3000,-3000,-3000,-3000,-3000,-3000,-3000,-3000,-3000,-3000,-3000,-3000
-3000,-3000,-3000,-3000,-3000,-3000,-3000,-3000,-3000,-3000,-3000,-3000,-3000,-3000,-3000,-3000,-3000,-3000,-3000,-3000,-3000,-3000,-3000,-3000,-3000,-3000,-3000,-3000,-3000,-3000,-3000,-3000,-3000,-3000,-3000,-3000,-3000,-3000,-3000
-3000,-3000,-3000,-3000,-3000,-3000,-3000,-3000,-3000,-3000,-3000,-3000,-3000,-3000,-3000,-3000,-3000,-3000,-3000,-3000,-3000,-3000,-3000,-3000,-3000,-3000,-3000,-3000,-3000,-3000,-3000,-3000,-3000,-3000,-3000,-3000,-3000,-3000,-3000
-3000,-3000,-3000,-3000,-3000,-3000,-3000,-3000,-3000,-3000,-3000,-3000,-3000,-3000,-3000,-3000,-3000,-3000,-3000,-3000,-3000,-3000,-3000,-3000,-3000,-3000,-3000,-3000,-3000,-3000,-3000,-3000,-3000,-3000,-3000,-3000,-3000,-3000,-3000
-3000,-3000,-3000,-3000,-3000,-3000,-3000,-3000,-3000,-3000,-3000,-3000,-3000,-3000,-3000,-3000,-3000,-3000,-3000,-3000,-3000,-3000,-3000,-3000,-3000,-3000,-3000,-3000,-3000,-3000,-3000,-3000,-3000,-3000,-3000,-3000,-3000,-3000,-3000
-3000,-3000,-3000,-3000,-3000,-3000,-3000,-3000,-3000,-3000,-3000,-3000,-3000,-3000,-3000,-3000,-3000,-3000,-3000,-3000,-3000,-3000,-3000,-3000,-3000,-3000,-3000,-3000,-3000,-3000,-3000,-3000,-3000,-3000,-3000,-3000,-3000,-3000,-3000
-3000,-3000,-3000,-3000,-3000,-3000,-3000,-3000,-3000,-3000,-3000,-3000,-3000,-3000,-3000,-3000,-3000,-3000,-3000,-3000,-3000,-3000,-3000,-3000,-3000,-3000,-3000,-3000,-3000,-3000,-3000,-3000,-3000,-3000,-3000,-3000,-3000,-3000,-3000
-3000,-3000,-3000,-3000,-3000,-3000,-3000,-3000,-3000,-3000,-3000,-3000,-3000,-3000,-3000,-3000,-3000,-3000,-3000,-3000,-3000,-3000,-3000,-3000,-3000,-3000,-3000,-3000,-3000,-3000,-3000,-3000,-3000,-3000,-3000,-3000,-3000,-3000,-3000
-3000,-3000,-3000,-3000,-3000,-3000,-3000,-3000,-3000,-3000,-3000,-3000,-3000,-3000,-3000,-3000,-3000,-3000,-3000,-3000,-3000,-3000,-3000,-3000,-3000,-3000,-3000,-3000,-3000,-3000,-3000,-3000,-3000,-3000,-3000,-3000,-3000,-3000,-3000
-3000,-3000,-3000,-3000,-3000,-3000,-3000,-3000,-3000,-3000,-3000,-3000,-3000,-3000,-3000,-3000,-3000,-3000,-3000,-3000,-3000,-3000,-3000,-3000,-3000,-3000,-3000,-3000,-3000,-3000,-3000,-3000,-3000,-3000,-3000,-3000,-3000,-3000,-3000
-3000,-3000,-3000,-3000,-3000,-3000,-3000,-3000,-3000,-3000,-3000,-3000,-3000,-3000,-3000,-3000,-3000,-3000,-3000,-3000,-3000,-3000,-3000,-3000,-3000,-3000,-3000,-3000,-3000,-3000,-3000,-3000,-3000,-3000,-3000,-3000,-3000,-3000,-3000
-3000,-3000,-3000,-3000,-3000,-3000,-3000,-3000,-3000,-3000,-3000,-3000,-3000,-3000,-3000,-3000,-3000,-3000,-3000,-3000,-3000,-3000,-3000,-3000,-3000,-3000,-3000,-3000,-3000,-3000,-3000,-3000,-3000,-3000,-3000,-3000,-3000,-3000,-3000
-3000,-3000,-3000,-3000,-3000,-3000,-3000,-3000,-3000,-3000,-3000,-3000,-3000,-3000,-3000,-3000,-3000,-3000,-3000,-3000,-3000,-3000,-3000,-3000,-3000,-3000,-3000,-3000,-3000,-3000,-3000,-3000,-3000,-3000,-3000,-3000,-3000,-3000,-3000
-3000,-3000,-3000,-3000,-3000,-3000,-3000,-3000,-3000,-3000,-3000,-3000,-3000,-3000,-3000,-3000,-3000,-3000,-3000,-3000,-3000,-3000,-3000,-3000,-3000,-3000,-3000,-3000,-3000,-3000,-3000,-3000,-3000,-3000,-3000,-3000,-3000,-3000,-3000
-3000,-3000,-3000,-3000,-3000,-3000,-3000,-3000,-3000,-3000,-3000,-3000,-3000,-3000,-3000,-3000,-3000,-3000,-3000,-3000,-3000,-3000,-3000,-3000,-3000,-3000,-3000,-3000,-3000,-3000,-3000,-3000,-3000,-3000,-3000,-3000,-3000,-3000,-3000
-3000,-3000,-3000,-3000,-3000,-3000,-3000,-3000,-3000,-3000,-3000,-3000,-3000,-3000,-3000,-3000,-3000,-3000,-3000,-3000,-3000,-3000,-3000,-3000,-3000,-3000,-3000,-3000,-3000,-3000,-3000,-3000,-3000,-3000,-3000,-3000,-3000,-3000,-3000
-3000,-3000,-3000,-3000,-3000,-3000,-3000,-3000,-3000,-3000,-3000,-3000,-3000,-3000,-3000,-3000,-3000,-3000,-3000,-3000,-3000,-3000,-3000,-3000,-3000,-3000,-3000,-3000,-3000,-3000,-3000,-3000,-3000,-3000,-3000,-3000,-3000,-3000,-3000
-3000,-3000,-3000,-3000,-3000,-3000,-3000,-3000,-3000,-3000,-3000,-3000,-3000,-3000,-3000,-3000,-3000,-3000,-3000,-3000,-3000,-3000,-3000,-3000,-3000,-3000,-3000,-3000,-3000,-3000,-3000,-3000,-3000,-3000,-3000,-3000,-3000,-3000,-3000
-3000,-3000,-3000,-3000,-3000,-3000,-3000,-3000,-3000,-3000,-3000,-3000,-3000,-3000,-3000,-3000,-3000,-3000,-3000,-3000,-3000,-3000,-3000,-3000,-3000,-3000,-3000,-3000,-3000,-3000,-3000,-3000,-3000,-3000,-3000,-3000,-3000,-3000,-3000
-3000,-3000,-3000,-3000,-3000,-3000,-3000,-3000,-3000,-3000,-3000,-3000,-3000,-3000,-3000,-3000,-3000,-3000,-3000,-3000,-3000,-3000,-3000,-3000,-3000,-3000,-3000,-3000,-3000,-3000,-3000,-3000,-3000,-3000,-3000,-3000,-3000,-3000,-3000
-3000,-3000,-3000,-3000,-3000,-3000,-3000,-3000,-3000,-3000,-3000,-3000,-3000,-3000,-3000,-3000,-3000,-3000,-3000,-3000,-3000,-3000,-3000,-3000,-3000,-3000,-3000,-3000,-3000,-3000,-3000,-3000,-3000,-3000,-3000,-3000,-3000,-3000,-3000
-3000,-3000,-3000,-3000,-3000,-3000,-3000,-3000,-3000,-3000,-3000,-3000,-3000,-3000,-3000,-3000,-3000,-3000,-3000,-3000,-3000,-3000,-3000,-3000,-3000,-3000,-3000,-3000,-3000,-3000,-3000,-3000,-3000,-3000,-3000,-3000,-3000,-3000,-3000
-3000,-3000,-3000,-3000,-3000,-3000,-3000,-3000,-3000,-3000,-3000,-3000,-3000,-3000,-3000,-3000,-3000,-3000,-3000,-3000,-3000,-3000,-3000,-3000,-3000,-3000,-3000,-3000,-3000,-3000,-3000,-3000,-3000,-3000,-3000,-3000,-3000,-3000,-3000
-3000,-3000,-3000,-3000,-3000,-3000,-3000,-3000,-3000,-3000,-3000,-3000,-3000,-3000,-3000,-3000,-3000,-3000,-3000,-3000,-3000,-3000,-3000,-3000,-3000,-3000,-3000,-3000,-3000,-3000,-3000,-3000,-3000,-3000,-3000,-3000,-3000,-3000,-3000
-3000,-3000,-3000,-3000,-3000,-3000,-3000,-3000,-3000,-3000,-3000,-3000,-3000,-3000,-3000,-3000,-3000,-3000,-3000,-3000,-3000,-3000,-3000,-3000,-3000,-3000,-3000,-3000,-3000,-3000,-3000,-3000,-3000,-3000,-3000,-3000,-3000,-3000,-3000
-3000,-3000,-3000,-3000,-3000,-3000,-3000,-3000,-3000,-3000,-3000,-3000,-3000,-3000,-3000,-3000,-3000,-3000,-3000,-3000,-3000,-3000,-3000,-3000,-3000,-3000,-3000,-3000,-3000,-3000,-3000,-3000,-3000,-3000,-3000,-3000,-3000,-3000,-3000
-3000,-3000,-3000,-3000,-3000,-3000,-3000,-3000,-3000,-3000,-3000,-3000,-3000,-3000,-3000,-3000,-3000,-3000,-3000,-3000,-3000,-3000,-3000,-3000,-3000,-3000,-3000,-3000,-3000,-3000,-3000,-3000,-3000,-3000,-3000,-3000,-3000,-3000,-3000
-3000,-3000,-3000,-3000,-3000,-3000,-3000,-3000,-3000,-3000,-3000,-3000,-3000,-3000,-3000,-3000,-3000,-3000,-3000,-3000,-3000,-3000,-3000,-3000,-3000,-3000,-3000,-3000,-3000,-3000,-3000,-3000,-3000,-3000,-3000,-3000,-3000,-3000,-3000
-3000,-3000,-3000,-3000,-3000,-3000,-3000,-3000,-3000,-3000,-3000,-3000,-3000,-3000,-3000,-3000,-3000,-3000,-3000,-3000,-3000,-3000,-3000,-3000,-3000,-3000,-3000,-3000,-3000,-3000,-3000,-3000,-3000,-3000,-3000,-3000,-3000,-3000,-3000
*MS_RAW_LOWPOWER_DATA_EACH_MAX,32,39,,,,,,,,,,,,,,,,,,,,,,,,,,,,,,,,,,,,
3000,3000,3000,3000,3000,3000,3000,3000,3000,3000,3000,3000,3000,3000,3000,3000,3000,3000,3000,3000,3000,3000,3000,3000,3000,3000,3000,3000,3000,3000,3000,3000,3000,3000,3000,3000,3000,3000,3000
3000,3000,3000,3000,3000,3000,3000,3000,3000,3000,3000,3000,3000,3000,3000,3000,3000,3000,3000,3000,3000,3000,3000,3000,3000,3000,3000,3000,3000,3000,3000,3000,3000,3000,3000,3000,3000,3000,3000
3000,3000,3000,3000,3000,3000,3000,3000,3000,3000,3000,3000,3000,3000,3000,3000,3000,3000,3000,3000,3000,3000,3000,3000,3000,3000,3000,3000,3000,3000,3000,3000,3000,3000,3000,3000,3000,3000,3000
3000,3000,3000,3000,3000,3000,3000,3000,3000,3000,3000,3000,3000,3000,3000,3000,3000,3000,3000,3000,3000,3000,3000,3000,3000,3000,3000,3000,3000,3000,3000,3000,3000,3000,3000,3000,3000,3000,3000
3000,3000,3000,3000,3000,3000,3000,3000,3000,3000,3000,3000,3000,3000,3000,3000,3000,3000,3000,3000,3000,3000,3000,3000,3000,3000,3000,3000,3000,3000,3000,3000,3000,3000,3000,3000,3000,3000,3000
3000,3000,3000,3000,3000,3000,3000,3000,3000,3000,3000,3000,3000,3000,3000,3000,3000,3000,3000,3000,3000,3000,3000,3000,3000,3000,3000,3000,3000,3000,3000,3000,3000,3000,3000,3000,3000,3000,3000
3000,3000,3000,3000,3000,3000,3000,3000,3000,3000,3000,3000,3000,3000,3000,3000,3000,3000,3000,3000,3000,3000,3000,3000,3000,3000,3000,3000,3000,3000,3000,3000,3000,3000,3000,3000,3000,3000,3000
3000,3000,3000,3000,3000,3000,3000,3000,3000,3000,3000,3000,3000,3000,3000,3000,3000,3000,3000,3000,3000,3000,3000,3000,3000,3000,3000,3000,3000,3000,3000,3000,3000,3000,3000,3000,3000,3000,3000
3000,3000,3000,3000,3000,3000,3000,3000,3000,3000,3000,3000,3000,3000,3000,3000,3000,3000,3000,3000,3000,3000,3000,3000,3000,3000,3000,3000,3000,3000,3000,3000,3000,3000,3000,3000,3000,3000,3000
3000,3000,3000,3000,3000,3000,3000,3000,3000,3000,3000,3000,3000,3000,3000,3000,3000,3000,3000,3000,3000,3000,3000,3000,3000,3000,3000,3000,3000,3000,3000,3000,3000,3000,3000,3000,3000,3000,3000
3000,3000,3000,3000,3000,3000,3000,3000,3000,3000,3000,3000,3000,3000,3000,3000,3000,3000,3000,3000,3000,3000,3000,3000,3000,3000,3000,3000,3000,3000,3000,3000,3000,3000,3000,3000,3000,3000,3000
3000,3000,3000,3000,3000,3000,3000,3000,3000,3000,3000,3000,3000,3000,3000,3000,3000,3000,3000,3000,3000,3000,3000,3000,3000,3000,3000,3000,3000,3000,3000,3000,3000,3000,3000,3000,3000,3000,3000
3000,3000,3000,3000,3000,3000,3000,3000,3000,3000,3000,3000,3000,3000,3000,3000,3000,3000,3000,3000,3000,3000,3000,3000,3000,3000,3000,3000,3000,3000,3000,3000,3000,3000,3000,3000,3000,3000,3000
3000,3000,3000,3000,3000,3000,3000,3000,3000,3000,3000,3000,3000,3000,3000,3000,3000,3000,3000,3000,3000,3000,3000,3000,3000,3000,3000,3000,3000,3000,3000,3000,3000,3000,3000,3000,3000,3000,3000
3000,3000,3000,3000,3000,3000,3000,3000,3000,3000,3000,3000,3000,3000,3000,3000,3000,3000,3000,3000,3000,3000,3000,3000,3000,3000,3000,3000,3000,3000,3000,3000,3000,3000,3000,3000,3000,3000,3000
3000,3000,3000,3000,3000,3000,3000,3000,3000,3000,3000,3000,3000,3000,3000,3000,3000,3000,3000,3000,3000,3000,3000,3000,3000,3000,3000,3000,3000,3000,3000,3000,3000,3000,3000,3000,3000,3000,3000
3000,3000,3000,3000,3000,3000,3000,3000,3000,3000,3000,3000,3000,3000,3000,3000,3000,3000,3000,3000,3000,3000,3000,3000,3000,3000,3000,3000,3000,3000,3000,3000,3000,3000,3000,3000,3000,3000,3000
3000,3000,3000,3000,3000,3000,3000,3000,3000,3000,3000,3000,3000,3000,3000,3000,3000,3000,3000,3000,3000,3000,3000,3000,3000,3000,3000,3000,3000,3000,3000,3000,3000,3000,3000,3000,3000,3000,3000
3000,3000,3000,3000,3000,3000,3000,3000,3000,3000,3000,3000,3000,3000,3000,3000,3000,3000,3000,3000,3000,3000,3000,3000,3000,3000,3000,3000,3000,3000,3000,3000,3000,3000,3000,3000,3000,3000,3000
3000,3000,3000,3000,3000,3000,3000,3000,3000,3000,3000,3000,3000,3000,3000,3000,3000,3000,3000,3000,3000,3000,3000,3000,3000,3000,3000,3000,3000,3000,3000,3000,3000,3000,3000,3000,3000,3000,3000
3000,3000,3000,3000,3000,3000,3000,3000,3000,3000,3000,3000,3000,3000,3000,3000,3000,3000,3000,3000,3000,3000,3000,3000,3000,3000,3000,3000,3000,3000,3000,3000,3000,3000,3000,3000,3000,3000,3000
3000,3000,3000,3000,3000,3000,3000,3000,3000,3000,3000,3000,3000,3000,3000,3000,3000,3000,3000,3000,3000,3000,3000,3000,3000,3000,3000,3000,3000,3000,3000,3000,3000,3000,3000,3000,3000,3000,3000
3000,3000,3000,3000,3000,3000,3000,3000,3000,3000,3000,3000,3000,3000,3000,3000,3000,3000,3000,3000,3000,3000,3000,3000,3000,3000,3000,3000,3000,3000,3000,3000,3000,3000,3000,3000,3000,3000,3000
3000,3000,3000,3000,3000,3000,3000,3000,3000,3000,3000,3000,3000,3000,3000,3000,3000,3000,3000,3000,3000,3000,3000,3000,3000,3000,3000,3000,3000,3000,3000,3000,3000,3000,3000,3000,3000,3000,3000
3000,3000,3000,3000,3000,3000,3000,3000,3000,3000,3000,3000,3000,3000,3000,3000,3000,3000,3000,3000,3000,3000,3000,3000,3000,3000,3000,3000,3000,3000,3000,3000,3000,3000,3000,3000,3000,3000,3000
3000,3000,3000,3000,3000,3000,3000,3000,3000,3000,3000,3000,3000,3000,3000,3000,3000,3000,3000,3000,3000,3000,3000,3000,3000,3000,3000,3000,3000,3000,3000,3000,3000,3000,3000,3000,3000,3000,3000
3000,3000,3000,3000,3000,3000,3000,3000,3000,3000,3000,3000,3000,3000,3000,3000,3000,3000,3000,3000,3000,3000,3000,3000,3000,3000,3000,3000,3000,3000,3000,3000,3000,3000,3000,3000,3000,3000,3000
3000,3000,3000,3000,3000,3000,3000,3000,3000,3000,3000,3000,3000,3000,3000,3000,3000,3000,3000,3000,3000,3000,3000,3000,3000,3000,3000,3000,3000,3000,3000,3000,3000,3000,3000,3000,3000,3000,3000
3000,3000,3000,3000,3000,3000,3000,3000,3000,3000,3000,3000,3000,3000,3000,3000,3000,3000,3000,3000,3000,3000,3000,3000,3000,3000,3000,3000,3000,3000,3000,3000,3000,3000,3000,3000,3000,3000,3000
3000,3000,3000,3000,3000,3000,3000,3000,3000,3000,3000,3000,3000,3000,3000,3000,3000,3000,3000,3000,3000,3000,3000,3000,3000,3000,3000,3000,3000,3000,3000,3000,3000,3000,3000,3000,3000,3000,3000
3000,3000,3000,3000,3000,3000,3000,3000,3000,3000,3000,3000,3000,3000,3000,3000,3000,3000,3000,3000,3000,3000,3000,3000,3000,3000,3000,3000,3000,3000,3000,3000,3000,3000,3000,3000,3000,3000,3000
3000,3000,3000,3000,3000,3000,3000,3000,3000,3000,3000,3000,3000,3000,3000,3000,3000,3000,3000,3000,3000,3000,3000,3000,3000,3000,3000,3000,3000,3000,3000,3000,3000,3000,3000,3000,3000,3000,3000
*MS_RAW_ITO_DATA_MIN,32,39,,,,,,,,,,,,,,,,,,,,,,,,,,,,,,,,,,,,
-3000,-3000,-3000,-3000,-3000,-3000,-3000,-3000,-3000,-3000,-3000,-3000,-3000,-3000,-3000,-3000,-3000,-3000,-3000,-3000,-3000,-3000,-3000,-3000,-3000,-3000,-3000,-3000,-3000,-3000,-3000,-3000,-3000,-3000,-3000,-3000,-3000,-3000,-3000
-3000,-3000,-3000,-3000,-3000,-3000,-3000,-3000,-3000,-3000,-3000,-3000,-3000,-3000,-3000,-3000,-3000,-3000,-3000,-3000,-3000,-3000,-3000,-3000,-3000,-3000,-3000,-3000,-3000,-3000,-3000,-3000,-3000,-3000,-3000,-3000,-3000,-3000,-3000
-3000,-3000,-3000,-3000,-3000,-3000,-3000,-3000,-3000,-3000,-3000,-3000,-3000,-3000,-3000,-3000,-3000,-3000,-3000,-3000,-3000,-3000,-3000,-3000,-3000,-3000,-3000,-3000,-3000,-3000,-3000,-3000,-3000,-3000,-3000,-3000,-3000,-3000,-3000
-3000,-3000,-3000,-3000,-3000,-3000,-3000,-3000,-3000,-3000,-3000,-3000,-3000,-3000,-3000,-3000,-3000,-3000,-3000,-3000,-3000,-3000,-3000,-3000,-3000,-3000,-3000,-3000,-3000,-3000,-3000,-3000,-3000,-3000,-3000,-3000,-3000,-3000,-3000
-3000,-3000,-3000,-3000,-3000,-3000,-3000,-3000,-3000,-3000,-3000,-3000,-3000,-3000,-3000,-3000,-3000,-3000,-3000,-3000,-3000,-3000,-3000,-3000,-3000,-3000,-3000,-3000,-3000,-3000,-3000,-3000,-3000,-3000,-3000,-3000,-3000,-3000,-3000
-3000,-3000,-3000,-3000,-3000,-3000,-3000,-3000,-3000,-3000,-3000,-3000,-3000,-3000,-3000,-3000,-3000,-3000,-3000,-3000,-3000,-3000,-3000,-3000,-3000,-3000,-3000,-3000,-3000,-3000,-3000,-3000,-3000,-3000,-3000,-3000,-3000,-3000,-3000
-3000,-3000,-3000,-3000,-3000,-3000,-3000,-3000,-3000,-3000,-3000,-3000,-3000,-3000,-3000,-3000,-3000,-3000,-3000,-3000,-3000,-3000,-3000,-3000,-3000,-3000,-3000,-3000,-3000,-3000,-3000,-3000,-3000,-3000,-3000,-3000,-3000,-3000,-3000
-3000,-3000,-3000,-3000,-3000,-3000,-3000,-3000,-3000,-3000,-3000,-3000,-3000,-3000,-3000,-3000,-3000,-3000,-3000,-3000,-3000,-3000,-3000,-3000,-3000,-3000,-3000,-3000,-3000,-3000,-3000,-3000,-3000,-3000,-3000,-3000,-3000,-3000,-3000
-3000,-3000,-3000,-3000,-3000,-3000,-3000,-3000,-3000,-3000,-3000,-3000,-3000,-3000,-3000,-3000,-3000,-3000,-3000,-3000,-3000,-3000,-3000,-3000,-3000,-3000,-3000,-3000,-3000,-3000,-3000,-3000,-3000,-3000,-3000,-3000,-3000,-3000,-3000
-3000,-3000,-3000,-3000,-3000,-3000,-3000,-3000,-3000,-3000,-3000,-3000,-3000,-3000,-3000,-3000,-3000,-3000,-3000,-3000,-3000,-3000,-3000,-3000,-3000,-3000,-3000,-3000,-3000,-3000,-3000,-3000,-3000,-3000,-3000,-3000,-3000,-3000,-3000
-3000,-3000,-3000,-3000,-3000,-3000,-3000,-3000,-3000,-3000,-3000,-3000,-3000,-3000,-3000,-3000,-3000,-3000,-3000,-3000,-3000,-3000,-3000,-3000,-3000,-3000,-3000,-3000,-3000,-3000,-3000,-3000,-3000,-3000,-3000,-3000,-3000,-3000,-3000
-3000,-3000,-3000,-3000,-3000,-3000,-3000,-3000,-3000,-3000,-3000,-3000,-3000,-3000,-3000,-3000,-3000,-3000,-3000,-3000,-3000,-3000,-3000,-3000,-3000,-3000,-3000,-3000,-3000,-3000,-3000,-3000,-3000,-3000,-3000,-3000,-3000,-3000,-3000
-3000,-3000,-3000,-3000,-3000,-3000,-3000,-3000,-3000,-3000,-3000,-3000,-3000,-3000,-3000,-3000,-3000,-3000,-3000,-3000,-3000,-3000,-3000,-3000,-3000,-3000,-3000,-3000,-3000,-3000,-3000,-3000,-3000,-3000,-3000,-3000,-3000,-3000,-3000
-3000,-3000,-3000,-3000,-3000,-3000,-3000,-3000,-3000,-3000,-3000,-3000,-3000,-3000,-3000,-3000,-3000,-3000,-3000,-3000,-3000,-3000,-3000,-3000,-3000,-3000,-3000,-3000,-3000,-3000,-3000,-3000,-3000,-3000,-3000,-3000,-3000,-3000,-3000
-3000,-3000,-3000,-3000,-3000,-3000,-3000,-3000,-3000,-3000,-3000,-3000,-3000,-3000,-3000,-3000,-3000,-3000,-3000,-3000,-3000,-3000,-3000,-3000,-3000,-3000,-3000,-3000,-3000,-3000,-3000,-3000,-3000,-3000,-3000,-3000,-3000,-3000,-3000
-3000,-3000,-3000,-3000,-3000,-3000,-3000,-3000,-3000,-3000,-3000,-3000,-3000,-3000,-3000,-3000,-3000,-3000,-3000,-3000,-3000,-3000,-3000,-3000,-3000,-3000,-3000,-3000,-3000,-3000,-3000,-3000,-3000,-3000,-3000,-3000,-3000,-3000,-3000
-3000,-3000,-3000,-3000,-3000,-3000,-3000,-3000,-3000,-3000,-3000,-3000,-3000,-3000,-3000,-3000,-3000,-3000,-3000,-3000,-3000,-3000,-3000,-3000,-3000,-3000,-3000,-3000,-3000,-3000,-3000,-3000,-3000,-3000,-3000,-3000,-3000,-3000,-3000
-3000,-3000,-3000,-3000,-3000,-3000,-3000,-3000,-3000,-3000,-3000,-3000,-3000,-3000,-3000,-3000,-3000,-3000,-3000,-3000,-3000,-3000,-3000,-3000,-3000,-3000,-3000,-3000,-3000,-3000,-3000,-3000,-3000,-3000,-3000,-3000,-3000,-3000,-3000
-3000,-3000,-3000,-3000,-3000,-3000,-3000,-3000,-3000,-3000,-3000,-3000,-3000,-3000,-3000,-3000,-3000,-3000,-3000,-3000,-3000,-3000,-3000,-3000,-3000,-3000,-3000,-3000,-3000,-3000,-3000,-3000,-3000,-3000,-3000,-3000,-3000,-3000,-3000
-3000,-3000,-3000,-3000,-3000,-3000,-3000,-3000,-3000,-3000,-3000,-3000,-3000,-3000,-3000,-3000,-3000,-3000,-3000,-3000,-3000,-3000,-3000,-3000,-3000,-3000,-3000,-3000,-3000,-3000,-3000,-3000,-3000,-3000,-3000,-3000,-3000,-3000,-3000
-3000,-3000,-3000,-3000,-3000,-3000,-3000,-3000,-3000,-3000,-3000,-3000,-3000,-3000,-3000,-3000,-3000,-3000,-3000,-3000,-3000,-3000,-3000,-3000,-3000,-3000,-3000,-3000,-3000,-3000,-3000,-3000,-3000,-3000,-3000,-3000,-3000,-3000,-3000
-3000,-3000,-3000,-3000,-3000,-3000,-3000,-3000,-3000,-3000,-3000,-3000,-3000,-3000,-3000,-3000,-3000,-3000,-3000,-3000,-3000,-3000,-3000,-3000,-3000,-3000,-3000,-3000,-3000,-3000,-3000,-3000,-3000,-3000,-3000,-3000,-3000,-3000,-3000
-3000,-3000,-3000,-3000,-3000,-3000,-3000,-3000,-3000,-3000,-3000,-3000,-3000,-3000,-3000,-3000,-3000,-3000,-3000,-3000,-3000,-3000,-3000,-3000,-3000,-3000,-3000,-3000,-3000,-3000,-3000,-3000,-3000,-3000,-3000,-3000,-3000,-3000,-3000
-3000,-3000,-3000,-3000,-3000,-3000,-3000,-3000,-3000,-3000,-3000,-3000,-3000,-3000,-3000,-3000,-3000,-3000,-3000,-3000,-3000,-3000,-3000,-3000,-3000,-3000,-3000,-3000,-3000,-3000,-3000,-3000,-3000,-3000,-3000,-3000,-3000,-3000,-3000
-3000,-3000,-3000,-3000,-3000,-3000,-3000,-3000,-3000,-3000,-3000,-3000,-3000,-3000,-3000,-3000,-3000,-3000,-3000,-3000,-3000,-3000,-3000,-3000,-3000,-3000,-3000,-3000,-3000,-3000,-3000,-3000,-3000,-3000,-3000,-3000,-3000,-3000,-3000
-3000,-3000,-3000,-3000,-3000,-3000,-3000,-3000,-3000,-3000,-3000,-3000,-3000,-3000,-3000,-3000,-3000,-3000,-3000,-3000,-3000,-3000,-3000,-3000,-3000,-3000,-3000,-3000,-3000,-3000,-3000,-3000,-3000,-3000,-3000,-3000,-3000,-3000,-3000
-3000,-3000,-3000,-3000,-3000,-3000,-3000,-3000,-3000,-3000,-3000,-3000,-3000,-3000,-3000,-3000,-3000,-3000,-3000,-3000,-3000,-3000,-3000,-3000,-3000,-3000,-3000,-3000,-3000,-3000,-3000,-3000,-3000,-3000,-3000,-3000,-3000,-3000,-3000
-3000,-3000,-3000,-3000,-3000,-3000,-3000,-3000,-3000,-3000,-3000,-3000,-3000,-3000,-3000,-3000,-3000,-3000,-3000,-3000,-3000,-3000,-3000,-3000,-3000,-3000,-3000,-3000,-3000,-3000,-3000,-3000,-3000,-3000,-3000,-3000,-3000,-3000,-3000
-3000,-3000,-3000,-3000,-3000,-3000,-3000,-3000,-3000,-3000,-3000,-3000,-3000,-3000,-3000,-3000,-3000,-3000,-3000,-3000,-3000,-3000,-3000,-3000,-3000,-3000,-3000,-3000,-3000,-3000,-3000,-3000,-3000,-3000,-3000,-3000,-3000,-3000,-3000
-3000,-3000,-3000,-3000,-3000,-3000,-3000,-3000,-3000,-3000,-3000,-3000,-3000,-3000,-3000,-3000,-3000,-3000,-3000,-3000,-3000,-3000,-3000,-3000,-3000,-3000,-3000,-3000,-3000,-3000,-3000,-3000,-3000,-3000,-3000,-3000,-3000,-3000,-3000
-3000,-3000,-3000,-3000,-3000,-3000,-3000,-3000,-3000,-3000,-3000,-3000,-3000,-3000,-3000,-3000,-3000,-3000,-3000,-3000,-3000,-3000,-3000,-3000,-3000,-3000,-3000,-3000,-3000,-3000,-3000,-3000,-3000,-3000,-3000,-3000,-3000,-3000,-3000
-3000,-3000,-3000,-3000,-3000,-3000,-3000,-3000,-3000,-3000,-3000,-3000,-3000,-3000,-3000,-3000,-3000,-3000,-3000,-3000,-3000,-3000,-3000,-3000,-3000,-3000,-3000,-3000,-3000,-3000,-3000,-3000,-3000,-3000,-3000,-3000,-3000,-3000,-3000
*MS_RAW_ITO_DATA_MAX,32,39,,,,,,,,,,,,,,,,,,,,,,,,,,,,,,,,,,,,
3000,3000,3000,3000,3000,3000,3000,3000,3000,3000,3000,3000,3000,3000,3000,3000,3000,3000,3000,3000,3000,3000,3000,3000,3000,3000,3000,3000,3000,3000,3000,3000,3000,3000,3000,3000,3000,3000,3000
3000,3000,3000,3000,3000,3000,3000,3000,3000,3000,3000,3000,3000,3000,3000,3000,3000,3000,3000,3000,3000,3000,3000,3000,3000,3000,3000,3000,3000,3000,3000,3000,3000,3000,3000,3000,3000,3000,3000
3000,3000,3000,3000,3000,3000,3000,3000,3000,3000,3000,3000,3000,3000,3000,3000,3000,3000,3000,3000,3000,3000,3000,3000,3000,3000,3000,3000,3000,3000,3000,3000,3000,3000,3000,3000,3000,3000,3000
3000,3000,3000,3000,3000,3000,3000,3000,3000,3000,3000,3000,3000,3000,3000,3000,3000,3000,3000,3000,3000,3000,3000,3000,3000,3000,3000,3000,3000,3000,3000,3000,3000,3000,3000,3000,3000,3000,3000
3000,3000,3000,3000,3000,3000,3000,3000,3000,3000,3000,3000,3000,3000,3000,3000,3000,3000,3000,3000,3000,3000,3000,3000,3000,3000,3000,3000,3000,3000,3000,3000,3000,3000,3000,3000,3000,3000,3000
3000,3000,3000,3000,3000,3000,3000,3000,3000,3000,3000,3000,3000,3000,3000,3000,3000,3000,3000,3000,3000,3000,3000,3000,3000,3000,3000,3000,3000,3000,3000,3000,3000,3000,3000,3000,3000,3000,3000
3000,3000,3000,3000,3000,3000,3000,3000,3000,3000,3000,3000,3000,3000,3000,3000,3000,3000,3000,3000,3000,3000,3000,3000,3000,3000,3000,3000,3000,3000,3000,3000,3000,3000,3000,3000,3000,3000,3000
3000,3000,3000,3000,3000,3000,3000,3000,3000,3000,3000,3000,3000,3000,3000,3000,3000,3000,3000,3000,3000,3000,3000,3000,3000,3000,3000,3000,3000,3000,3000,3000,3000,3000,3000,3000,3000,3000,3000
3000,3000,3000,3000,3000,3000,3000,3000,3000,3000,3000,3000,3000,3000,3000,3000,3000,3000,3000,3000,3000,3000,3000,3000,3000,3000,3000,3000,3000,3000,3000,3000,3000,3000,3000,3000,3000,3000,3000
3000,3000,3000,3000,3000,3000,3000,3000,3000,3000,3000,3000,3000,3000,3000,3000,3000,3000,3000,3000,3000,3000,3000,3000,3000,3000,3000,3000,3000,3000,3000,3000,3000,3000,3000,3000,3000,3000,3000
3000,3000,3000,3000,3000,3000,3000,3000,3000,3000,3000,3000,3000,3000,3000,3000,3000,3000,3000,3000,3000,3000,3000,3000,3000,3000,3000,3000,3000,3000,3000,3000,3000,3000,3000,3000,3000,3000,3000
3000,3000,3000,3000,3000,3000,3000,3000,3000,3000,3000,3000,3000,3000,3000,3000,3000,3000,3000,3000,3000,3000,3000,3000,3000,3000,3000,3000,3000,3000,3000,3000,3000,3000,3000,3000,3000,3000,3000
3000,3000,3000,3000,3000,3000,3000,3000,3000,3000,3000,3000,3000,3000,3000,3000,3000,3000,3000,3000,3000,3000,3000,3000,3000,3000,3000,3000,3000,3000,3000,3000,3000,3000,3000,3000,3000,3000,3000
3000,3000,3000,3000,3000,3000,3000,3000,3000,3000,3000,3000,3000,3000,3000,3000,3000,3000,3000,3000,3000,3000,3000,3000,3000,3000,3000,3000,3000,3000,3000,3000,3000,3000,3000,3000,3000,3000,3000
3000,3000,3000,3000,3000,3000,3000,3000,3000,3000,3000,3000,3000,3000,3000,3000,3000,3000,3000,3000,3000,3000,3000,3000,3000,3000,3000,3000,3000,3000,3000,3000,3000,3000,3000,3000,3000,3000,3000
3000,3000,3000,3000,3000,3000,3000,3000,3000,3000,3000,3000,3000,3000,3000,3000,3000,3000,3000,3000,3000,3000,3000,3000,3000,3000,3000,3000,3000,3000,3000,3000,3000,3000,3000,3000,3000,3000,3000
3000,3000,3000,3000,3000,3000,3000,3000,3000,3000,3000,3000,3000,3000,3000,3000,3000,3000,3000,3000,3000,3000,3000,3000,3000,3000,3000,3000,3000,3000,3000,3000,3000,3000,3000,3000,3000,3000,3000
3000,3000,3000,3000,3000,3000,3000,3000,3000,3000,3000,3000,3000,3000,3000,3000,3000,3000,3000,3000,3000,3000,3000,3000,3000,3000,3000,3000,3000,3000,3000,3000,3000,3000,3000,3000,3000,3000,3000
3000,3000,3000,3000,3000,3000,3000,3000,3000,3000,3000,3000,3000,3000,3000,3000,3000,3000,3000,3000,3000,3000,3000,3000,3000,3000,3000,3000,3000,3000,3000,3000,3000,3000,3000,3000,3000,3000,3000
3000,3000,3000,3000,3000,3000,3000,3000,3000,3000,3000,3000,3000,3000,3000,3000,3000,3000,3000,3000,3000,3000,3000,3000,3000,3000,3000,3000,3000,3000,3000,3000,3000,3000,3000,3000,3000,3000,3000
3000,3000,3000,3000,3000,3000,3000,3000,3000,3000,3000,3000,3000,3000,3000,3000,3000,3000,3000,3000,3000,3000,3000,3000,3000,3000,3000,3000,3000,3000,3000,3000,3000,3000,3000,3000,3000,3000,3000
3000,3000,3000,3000,3000,3000,3000,3000,3000,3000,3000,3000,3000,3000,3000,3000,3000,3000,3000,3000,3000,3000,3000,3000,3000,3000,3000,3000,3000,3000,3000,3000,3000,3000,3000,3000,3000,3000,3000
3000,3000,3000,3000,3000,3000,3000,3000,3000,3000,3000,3000,3000,3000,3000,3000,3000,3000,3000,3000,3000,3000,3000,3000,3000,3000,3000,3000,3000,3000,3000,3000,3000,3000,3000,3000,3000,3000,3000
3000,3000,3000,3000,3000,3000,3000,3000,3000,3000,3000,3000,3000,3000,3000,3000,3000,3000,3000,3000,3000,3000,3000,3000,3000,3000,3000,3000,3000,3000,3000,3000,3000,3000,3000,3000,3000,3000,3000
3000,3000,3000,3000,3000,3000,3000,3000,3000,3000,3000,3000,3000,3000,3000,3000,3000,3000,3000,3000,3000,3000,3000,3000,3000,3000,3000,3000,3000,3000,3000,3000,3000,3000,3000,3000,3000,3000,3000
3000,3000,3000,3000,3000,3000,3000,3000,3000,3000,3000,3000,3000,3000,3000,3000,3000,3000,3000,3000,3000,3000,3000,3000,3000,3000,3000,3000,3000,3000,3000,3000,3000,3000,3000,3000,3000,3000,3000
3000,3000,3000,3000,3000,3000,3000,3000,3000,3000,3000,3000,3000,3000,3000,3000,3000,3000,3000,3000,3000,3000,3000,3000,3000,3000,3000,3000,3000,3000,3000,3000,3000,3000,3000,3000,3000,3000,3000
3000,3000,3000,3000,3000,3000,3000,3000,3000,3000,3000,3000,3000,3000,3000,3000,3000,3000,3000,3000,3000,3000,3000,3000,3000,3000,3000,3000,3000,3000,3000,3000,3000,3000,3000,3000,3000,3000,3000
3000,3000,3000,3000,3000,3000,3000,3000,3000,3000,3000,3000,3000,3000,3000,3000,3000,3000,3000,3000,3000,3000,3000,3000,3000,3000,3000,3000,3000,3000,3000,3000,3000,3000,3000,3000,3000,3000,3000
3000,3000,3000,3000,3000,3000,3000,3000,3000,3000,3000,3000,3000,3000,3000,3000,3000,3000,3000,3000,3000,3000,3000,3000,3000,3000,3000,3000,3000,3000,3000,3000,3000,3000,3000,3000,3000,3000,3000
3000,3000,3000,3000,3000,3000,3000,3000,3000,3000,3000,3000,3000,3000,3000,3000,3000,3000,3000,3000,3000,3000,3000,3000,3000,3000,3000,3000,3000,3000,3000,3000,3000,3000,3000,3000,3000,3000,3000
3000,3000,3000,3000,3000,3000,3000,3000,3000,3000,3000,3000,3000,3000,3000,3000,3000,3000,3000,3000,3000,3000,3000,3000,3000,3000,3000,3000,3000,3000,3000,3000,3000,3000,3000,3000,3000,3000,3000